set_id,card_id,card_name
me02,125,Mega Charizard X ex
cel25,4,Palkia
sv04.5,232,Mew ex
sv10,231,Team Rocket's Mewtwo ex
sv03,223,Charizard ex
svp,44,Charmander
svp,53,Mew ex
smp,SM210,Moltres & Zapdos & Articuno GX
sv10,193,Misty's Psyduck
me01,179,Mega Lucario ex
cel25,17,Groudon
sv08.5,161,Umbreon ex
sv07,148,Squirtle
me02.5,226,Psyduck
svp,85,Pikachu with Grey Felt Hat
sv02,203,Magikarp
svp,159,Magneton
sv04.5,234,Charizard ex
swsh12.5gg,GG10,Mew
me02.5,284,Mega Gengar ex
sv08,238,Pikachu ex
sm3.5,78,Mewtwo GX
sv06,188,Eevee
me01,181,Mega Latias ex
sv04,199,Groudon
svp,131,Kingdra ex
sv10,232,Cynthia's Garchomp ex
base2,11,Snorlax
sv03.5,199,Charizard ex
basep,10,Meowth
sv10.5b,172,Zekrom ex
sv10.5w,173,Reshiram ex
me01,178,Mega Gardevoir ex
sv05,177,Gastly
sv08,247,Pikachu ex
sv10,230,Ethan's Ho-Oh ex
sv06,214,Greninja ex
sv10,229,Team Rocket's Moltres ex
sv08.5,179,Pikachu ex
sv03.5,200,Blastoise ex
smp,SM191,Mewtwo & Mew GX
me02.5,276,Pikachu ex
sv06,187,Chansey
xy4,34,Gengar EX
swsh11,TG06,Gengar
sv09,184,Lillie's Clefairy ex
base3,12,Moltres
me02,130,Mega Charizard X ex
swsh12,186,Lugia V
xy12,101,M Charizard EX
sv05,193,Gengar ex
basep,24,___________'s Pikachu
swsh12.5gg,GG69,Giratina VSTAR
me01,188,Mega Lucario ex
smp,SM168,Pikachu & Zekrom GX
swsh8,271,Gengar VMAX
swsh12.5gg,GG38,Suicune V
sv08.5,156,Sylveon ex
ex3,100,Charizard
sv03.5,198,Venusaur ex
sv04.5,233,Gardevoir ex
base3,15,Zapdos
smp,SM162,Pikachu
sv03.5,173,Pikachu
svp,132,Greninja ex
sv03.5,202,Zapdos ex
sv08.5,155,Espeon ex
sv08.5,144,Leafeon ex
sv03.5,169,Charmeleon
swsh12.5gg,GG50,Darkrai VSTAR
swsh12,TG20,Rayquaza VMAX
sv08.5,162,Roaring Moon ex
sv08.5,150,Glaceon ex
sm3.5,40,Shining Mew
me01,182,Mega Kangaskhan ex
sv08,237,Milotic ex
swsh9,174,Charizard VSTAR
sm3.5,56,Shining Rayquaza
base5,83,Dark Raichu
base2,10,Scyther
sv08.5,146,Flareon ex
swsh7,215,Umbreon VMAX
swsh12.5gg,GG35,Leafeon VSTAR
swsh12.5gg,GG45,Deoxys VMAX
base3,13,Muk
cel25,25,Mew
swshp,SWSH262,Charizard VSTAR
sv08,239,Latias ex
swsh9,TG23,Umbreon VMAX
sv08.5,149,Vaporeon ex
swsh9,154,Charizard V
sv10.5b,105,Seismitoad
swsh7,218,Rayquaza VMAX
sv10,233,Team Rocket's Nidoking ex
sv08.5,153,Jolteon ex
sv06.5,78,Persian
sv03.5,201,Alakazam ex
sv10.5w,166,Reshiram ex
swsh4,188,Pikachu VMAX
sv03.5,166,Bulbasaur
sv08.5,167,Eevee ex
swsh11,186,Giratina V
swsh8,270,Espeon VMAX
sv10.5b,171,Victini
swsh8,245,Celebi V
swsh7,194,Rayquaza V
me01,187,Mega Gardevoir ex
swsh10,TG13,Starmie V
xy12,102,M Blastoise EX
swshp,SWSH260,Charizard V
sv02,222,Tyranitar
swsh11,TG17,Pikachu VMAX
swsh7,192,Dragonite V
sv03.5,175,Psyduck
me02.5,290,Mega Dragonite ex
smp,SM169,Eevee & Snorlax GX
sv10.5w,172,Victini
swsh12.5gg,GG67,Origin Forme Palkia VSTAR
swsh12.5gg,GG68,Origin Forme Dialga VSTAR
base5,21,Dark Charizard
swsh7,189,Umbreon V
me02.5,281,Team Rocket's Mewtwo ex
hgss3,86,Umbreon
me03,121,Meowth ex
smp,SM193,Garchomp & Giratina GX
xy2,69,M Charizard EX
sv06.5,66,Houndoom
swsh8,251,Mew V
swsh9,TG22,Umbreon V
swshp,SWSH075,Special Delivery Charizard
sv10.5w,167,Keldeo ex
swsh7,212,Sylveon VMAX
g1,12,M Charizard EX
swsh7,184,Sylveon V
xy7,98,M Rayquaza EX
swsh11,180,Aerodactyl V
sv04.5,131,Pikachu
xy4,114,Gengar EX
sv03.5,181,Dragonair
basep,27,Pikachu
sv02,211,Raichu
swsh7,180,Espeon V
me02.5,277,Pikachu ex
swsh9,166,Arceus V
base2,15,Vileplume
sv05,206,Iron Crown ex
swsh7,209,Glaceon VMAX
base5,10,Dark Machamp
sv08.5,166,Raging Bolt ex
me02.5,294,Mega Charizard Y ex
swsh9,TG16,Mimikyu V
ex14,4,Charizard δ
sm9,33,Pikachu & Zekrom GX
sv04,253,Altaria ex
xy9,123,Gyarados EX
basep,28,Surfing Pikachu
smp,SM167,Celebi & Venusaur GX
swsh10.5,72,Mewtwo V
base5,12,Dark Slowbro
sv05,166,Sawsbuck
sv04,206,Morpeko
sv02,259,Chi-Yu ex
swsh6,224,Snorlax
neo4,113,Shining Tyranitar
neo4,107,Shining Charizard
basep,11,Eevee
smp,SM82,Shining Lugia
ex10,113,Entei Star
base3,19,Dragonite
ex10,114,Raikou Star
ex3,97,Rayquaza ex
g1,RC6,Flareon EX
smp,SM230,Charizard & Braixen GX
swsh10,TG23,Garchomp V
swsh7,217,Rayquaza VMAX
ex1,101,Mewtwo ex
sv05,204,Gouging Fire ex
hgss3,81,Espeon
xyp,XY143,Magikarp
swsh7,214,Umbreon VMAX
neo4,109,Shining Mewtwo
neo2,12,Tyranitar
swsh8,268,Mew VMAX
swsh10,167,Origin Forme Palkia V
neo4,106,Shining Celebi
neo3,14,Suicune
smp,SM229,Venusaur & Snivy GX
sv06.5,68,Duskull
sv02,204,Marill
sv05,211,Morty's Conviction
swshp,SWSH020,Pikachu
xyp,XY166,M Gengar-EX
hgss4,97,Mew
me02.5,295,Mega Dragonite ex
sv08.5,164,Gholdengo ex
xy10,125,Alakazam EX
xy9,115,M Gyarados EX
base5,13,Dark Vileplume
sv04.5,202,Snorlax
g1,RC21,Sylveon EX
ex12,5,Gengar
sm12,241,Pikachu
sv01,210,Drowzee
swsh9,TG14,Sylveon V
xy7,21,Gyarados
swshp,SWSH074,Special Delivery Pikachu
ex6,108,Gengar ex
basep,15,Cool Porygon
neo4,108,Shining Kabutops
base2,27,Snorlax
xy7,96,Primal Kyogre EX
xy7,97,Primal Groudon EX
xyp,XY123,Venusaur EX
sv02,201,Fuecoco
neo4,111,Shining Raichu
neo4,110,Shining Noctowl
sv10.5w,105,Oshawott
g1,RC28,Flareon EX
sm11,71,Mewtwo & Mew GX
xy7,94,Lugia EX
sma,SV49,Charizard-GX
neo4,112,Shining Steelix
xy8,159,M Mewtwo EX
swshp,SWSH145,Pikachu V
sv10.5b,129,Dwebble
ex6,105,Charizard ex
xy8,160,M Mewtwo EX
xy11,112,M Gardevoir EX
sm9,53,Gengar & Mimikyu GX
ex3,90,Dragonite ex
swshp,SWSH180,Flareon VMAX
ex16,100,Flareon Star
basep,49,Snorlax
me02.5,280,Lillie's Clefairy ex
xy9,122,Skyla
ex14,2,Blastoise δ
base5,22,Dark Dragonite
sv02,196,Sprigatito
sv10.5b,147,Haxorus
ex14,100,Celebi Star
ex16,101,Jolteon Star
sma,SV69,Umbreon-GX
xy4,35,M Gengar EX
me03,124,Mega Zygarde ex
sv08.5,59,Umbreon
ex3,93,Latias ex
sm11,125,Umbreon & Darkrai GX
gym2,4,Erika's Venusaur
basep,20,Psyduck
sm12,157,Reshiram & Zekrom GX
xy6,61,M Rayquaza EX
xy2,108,M Charizard EX
gym2,13,Misty's Gyarados
xy8,164,Mewtwo EX
xy11,116,Gardevoir EX
sm9,113,Latias & Latios GX
swshp,SWSH182,Vaporeon VMAX
ex8,108,Rocket's Raikou ex
sv02,262,Tinkaton ex
ex13,8,Gyarados δ
ex13,100,Mew ex
gym1,4,Erika's Dragonair
base1,46,Charmander
xy10,118,M Alakazam EX
xy2,100,Charizard EX
base1,1,Alakazam
ecard2,150,Nidoking
neo2,32,Umbreon
ecard3,148,Golem
ex2,99,Typhlosion ex
ecard3,149,Ho-oh
base2,20,Jolteon
sma,SV56,Greninja-GX
neo4,6,Dark Gengar
ex11,12,Mewtwo δ
sv10.5w,143,Zoroark
hgss4,91,Absol
ex3,98,Charmander
swshp,SWSH184,Jolteon VMAX
neo2,10,Scizor
ex15,10,Snorlax δ
swsh3.5,79,Charizard V
svp,206,Marnie's Morpeko
sm12,38,Blastoise & Piplup GX
sm11,35,Slowpoke & Psyduck GX
ex2,98,Raichu ex
xyp,XY84,Pikachu EX
hgss4,95,Machamp
ex2,94,Aerodactyl ex
swshp,SWSH179,Flareon V
ex11,17,Umbreon δ
base5,9,Dark Hypno
neo2,14,Unown [A]
sma,SV51,Reshiram-GX
sma,SV41,Eevee
ex6,112,Venusaur ex
swshp,SWSH066,Charizard
ex2,96,Gardevoir ex
xy4,121,M Gengar EX
gym2,6,Giovanni's Machamp
sm3.5,76,Mewtwo GX
neo2,15,Ursaring
sm10,107,Greninja & Zoroark GX
ex15,2,Feraligatr δ
hgss4,101,Palkia & Dialga LEGEND
me02.5,274,Mega Feraligatr ex
gym2,3,Brock's Ninetales
lc,4,Dark Blastoise
me02.5,289,Steven's Metagross ex
ex10,102,Espeon ex
sm10,205,Gardevoir & Sylveon GX
ex15,12,Typhlosion δ
sm11,72,Espeon & Deoxys GX
sv10.5w,103,Chandelure
sm3,150,Charizard GX
ex11,3,Dragonite δ
sm9,161,Magikarp & Wailord GX
ex12,91,Regirock Star
swshp,SWSH177,Special Delivery Bidoof
ex5,102,Groudon
base1,24,Charmeleon
xy7,85,M Sceptile EX
ex12,92,Registeel Star
ecard3,150,Kabutops
ex16,96,Salamence ex
base3,8,Hypno
gym2,11,Lt. Surge's Raichu
ex11,13,Rayquaza δ
bw1,115,Pikachu
gym2,10,Koga's Ditto
xy7,93,Giratina EX
swsh10.5,81,Dragonite VSTAR
basep,41,Lucky Stadium
gym2,7,Giovanni's Nidoking
sm12,143,Togepi & Cleffa & Igglybuff GX
sm12,239,Piplup
smp,SM156,Dragonite GX
hgss4,99,Darkrai & Cresselia LEGEND
ex16,95,Metagross ex
base5,7,Dark Golbat
pl3,148,Articuno
ex3,92,Kingdra ex
bw8,137,Blastoise
sm12,215,Blastoise & Piplup GX
ex5,4,Dark Celebi
swshp,SWSH241,Gengar
xy7,92,M Tyranitar EX
sma,SV46,Leafeon-GX
neo3,3,Celebi
ex14,93,Groudon ex
lc,3,Charizard
hgss4,100,Darkrai & Cresselia LEGEND
sv10.5b,137,Krookodile
ex15,97,Rayquaza ex δ
ex1,100,Magmar ex
pl3,149,Moltres
xy9,27,M Gyarados EX
gym1,3,Erika's Clefable
ex11,111,Groudon Star
sm9,165,Gengar & Mimikyu GX
gym2,29,Sabrina's Gengar
ex11,16,Tyranitar δ
sm9,120,Eevee & Snorlax GX
neo1,10,Meganium
xyp,XY126,Mew EX
ex13,6,Deoxys δ
ru1,7,Pikachu
basep,12,Mewtwo
ex3,95,Magcargo ex
pl3,8,Rayquaza C
hgss3,85,Slowking
neo4,11,Dark Tyranitar
hgss1,113,Lugia LEGEND
ex11,9,Latios δ
sm11,218,Slowpoke & Psyduck GX
ex16,97,Shiftry ex
ex13,111,Mew
me03,123,Rosa's Encouragement
si1,15,Wartortle
sm12,221,Arceus & Dialga & Palkia GX
neo3,20,Lugia
sm9,170,Latias & Latios GX
ex15,96,Latios ex δ
ex16,98,Skarmory ex
sm9,1,Celebi & Venusaur GX
ex10,104,Ho-Oh ex
bw7,20,Charizard
xy7,91,Tyranitar EX
ex14,90,Blaziken ex
sm11,226,Mega Sableye & Tyranitar GX
ex7,100,Rocket's Moltres ex
ex11,8,Latias δ
basep,47,Mew
base1,58,Pikachu
ex6,115,Moltres ex
pl1,122,Dialga G
ex15,98,Salamence ex δ
ex5,96,Ninetales ex
ex11,18,Vaporeon δ
sm12,245,Mimikyu
ex13,3,Deoxys δ
sm11,242,Mewtwo & Mew GX
basep,5,Dragonite
neo2,20,Espeon
ex7,102,Rocket's Scyther ex
ex16,93,Claydol ex
neo4,5,Dark Feraligatr
xy3,55,M Lucario EX
ex13,5,Deoxys δ
ecard2,104,Psyduck
neo4,9,Dark Scizor
sm12,259,Reshiram & Zekrom GX
ex13,24,Mewtwo δ
sm1,154,Umbreon GX
basep,45,Scyther
ex3,10,Salamence
ecard3,147,Crobat
sm11,215,Rowlet & Alolan Exeggutor GX
basep,51,Rapidash
ex9,2,Deoxys
sm11,221,Raichu & Alolan Raichu GX
basep,52,Ho-oh
neo4,10,Dark Typhlosion
pl3,20,Charizard G
smp,SM109,Ash's Pikachu
smp,SM231,Champions Festival
ex7,7,Dark Marowak
sm12,253,Blastoise & Piplup GX
ecard3,H10,Gyarados
ex2,6,Jolteon
neo2,31,Tyranitar
sm9,186,Gengar & Mimikyu GX
basep,43,Machamp
base1,23,Arcanine
ex4,95,Swampert ex
xyp,XY40,Ditto
sm11,235,Misty’s Favor
me02.5,275,Mega Froslass ex
sm12,234,Red & Blue
sm8,207,Lugia GX
sm12,222,Reshiram & Zekrom GX
sm12,216,Solgaleo & Lunala GX
sm10,217,Reshiram & Charizard GX
smp,SM36,Umbreon GX
svp,51,Snorlax
sm10,201,Greninja & Zoroark GX
ecard2,H32,Zapdos
smp,SM98,Pikachu
smp,SM111,Ash's Pikachu
bw1,113,Reshiram
smp,SM110,Ash's Pikachu
ex7,6,Dark Hypno
smp,SM113,Ash's Pikachu
sm12,228,Cynthia & Caitlin
sm2,158,Sylveon GX
sm12,251,Charizard & Braixen GX
gym2,20,Sabrina
sm9,191,Eevee & Snorlax GX
sm9,184,Pikachu & Zekrom GX
neo3,27,Suicune
ex7,15,Dark Dragonite
sm7,164,Lisia
basep,53,Suicune
ecard3,H26,Raikou
ex3,4,Flygon
bw3,102,Meowth
neo2,2,Forretress
base1,20,Electabuzz
si1,5,Ivysaur
sm10,200,Greninja & Zoroark GX
sm12,226,Mega Lopunny & Jigglypuff GX
sm9,162,Pikachu & Zekrom GX
sm6,133,Greninja GX
sm12,211,Vileplume GX
ex6,14,Slowbro
neo4,48,Light Jolteon
swshp,SWSH069,Lugia
sm11,222,Mewtwo & Mew GX
sm5,159,Glaceon GX
smp,SM158,Charizard
sm11,247,Garchomp & Giratina GX
sm10,204,Gardevoir & Sylveon GX
sm9,164,Gengar & Mimikyu GX
sm10,221,Marshadow & Machamp GX
me05,116,Mega Darkrai ex
sm11,229,Dragonite GX