set_id,set_name
me02,Phantasmal Flames
cel25,Celebrations
sv04.5,Paldean Fates
sv10,Destined Rivals
sv03,Obsidian Flames
svp,SVP Black Star Promos
smp,SM Black Star Promos
me01,Mega Evolution
sv08.5,Prismatic Evolutions
sv07,Stellar Crown
me02.5,Ascended Heroes
sv02,Paldea Evolved
swsh12.5gg,Crown Zenith Galarian Gallery
sv08,Surging Sparks
sm3.5,Shining Legends
sv06,Twilight Masquerade
sv04,Paradox Rift
base2,Jungle
sv03.5,151
basep,Wizards Black Star Promos
sv10.5b,Black Bolt
sv10.5w,White Flare
sv05,Temporal Forces
xy4,Phantom Forces
swsh11,Lost Origin
sv09,Journey Together
base3,Fossil
swsh12,Silver Tempest
xy12,Evolutions
swsh8,Fusion Strike
ex3,Dragon
swsh9,Brilliant Stars
base5,Team Rocket
swsh7,Evolving Skies
swshp,SWSH Black Star Promos
sv06.5,Shrouded Fable
swsh4,Vivid Voltage
swsh10,Astral Radiance
hgss3,Undaunted
me03,Perfect Order
xy2,Flashfire
g1,Generations
xy7,Ancient Origins
ex14,Crystal Guardians
sm9,Team Up
xy9,BREAKpoint
swsh10.5,Pokémon GO
swsh6,Chilling Reign
neo4,Neo Destiny
ex10,Unseen Forces
ex1,Ruby & Sapphire
xyp,XY Black Star Promos
neo2,Neo Discovery
neo3,Neo Revelation
hgss4,Triumphant
xy10,Fates Collide
ex12,Legend Maker
sm12,Cosmic Eclipse
sv01,Scarlet & Violet
ex6,FireRed & LeafGreen
sm11,Unified Minds
sma,Yellow A Alternate
xy8,BREAKthrough
xy11,Steam Siege
ex16,Power Keepers
gym2,Gym Challenge
xy6,Roaring Skies
ex8,Deoxys
ex13,Holon Phantoms
gym1,Gym Heroes
base1,Base Set
ecard2,Aquapolis
ecard3,Skyridge
ex2,Sandstorm
ex11,Delta Species
ex15,Dragon Frontiers
swsh3.5,Champion's Path
sm10,Unbroken Bonds
lc,Legendary Collection
sm3,Burning Shadows
ex5,Hidden Legends
bw1,Black & White
pl3,Supreme Victors
bw8,Plasma Storm
neo1,Neo Genesis
ru1,Pokémon Rumble
hgss1,HeartGold SoulSilver
si1,Southern Islands
bw7,Boundaries Crossed
ex7,Team Rocket Returns
pl1,Platinum
xy3,Furious Fists
sm1,Sun & Moon
ex9,Emerald
ex4,Team Magma vs Team Aqua
sm8,Lost Thunder
sm2,Guardians Rising
sm7,Celestial Storm
bw3,Noble Victories
sm6,Forbidden Light
sm5,Ultra Prism
me05,Pitch Black