set_id,card_id,condition_id,price_usd,sample_count,confidence_id
me02,125,1,710.48,317,2
cel25,4,1,210.00,184,1
sv04.5,232,1,800.00,110,2
sv10,231,1,474.88,130,2
sv03,223,1,110.00,200,2
svp,44,1,79.75,163,2
svp,53,1,102.00,145,3
smp,SM210,1,229.75,200,2
sv10,193,1,69.00,100,2
me01,179,1,191.75,98,2
cel25,17,1,140.64,69,2
sv08.5,161,1,1187.50,93,2
sv07,148,1,110.00,91,2
me02.5,226,1,97.25,41,2
svp,85,1,1115.50,111,2
sv02,203,1,522.50,91,2
svp,159,1,20.60,105,1
sv04.5,234,1,250.00,122,2
swsh12.5gg,GG10,1,77.50,124,3
me02.5,284,1,922.50,66,3
sv08,238,1,277.50,93,2
sm3.5,78,1,1249.50,47,2
sv06,188,1,130.00,74,1
me01,181,1,83.25,60,2
sv04,199,1,112.62,66,1
svp,131,1,95.27,84,1
sv10,232,1,215.25,66,2
base2,11,1,180.00,83,1
sv03.5,199,1,402.50,291,2
basep,10,1,84.00,216,3
sv10.5b,172,1,508.00,64,2
sv10.5w,173,1,719.38,72,2
me01,178,1,152.80,113,2
sv05,177,1,172.15,66,1
sv08,247,1,102.50,62,2
sv10,230,1,162.50,66,2
sv06,214,1,312.50,68,2
sv10,229,1,92.50,104,2
sv08.5,179,1,49.00,60,2
sv03.5,200,1,147.50,189,2
smp,SM191,1,570.50,70,1
me02.5,276,1,1216.00,70,3
sv06,187,1,60.50,58,2
xy4,34,1,137.25,47,1
swsh11,TG06,1,330.98,110,1
sv09,184,1,94.75,88,2
base3,12,1,56.50,76,2
me02,130,1,457.00,146,2
swsh12,186,1,630.00,89,2
xy12,101,1,163.75,20,1
sv05,193,1,85.00,66,2
basep,24,1,53.50,53,2
swsh12.5gg,GG69,1,318.53,114,3
me01,188,1,187.07,73,2
smp,SM168,1,245.09,41,2
swsh8,271,1,736.25,117,2
swsh12.5gg,GG38,1,70.00,52,2
sv08.5,156,1,360.62,58,2
ex3,100,1,392.50,83,2
sv03.5,198,1,111.25,144,2
sv04.5,233,1,173.39,68,2
base3,15,1,52.50,72,2
smp,SM162,1,190.83,45,2
sv03.5,173,1,103.50,91,2
svp,132,1,128.92,102,2
sv03.5,202,1,94.50,104,2
sv08.5,155,1,275.00,34,2
sv08.5,144,1,287.80,64,2
sv03.5,169,1,87.50,87,2
swsh12.5gg,GG50,1,90.00,69,2
swsh12,TG20,1,226.25,85,2
sv08.5,162,1,212.50,35,2
sv08.5,150,1,225.00,50,1
sm3.5,40,1,226.25,42,2
me01,182,1,33.78,64,2
sv08,237,1,135.31,55,2
swsh9,174,1,79.45,57,3
sm3.5,56,1,377.50,34,2
base5,83,1,185.27,82,2
base2,10,1,68.62,42,2
sv08.5,146,1,150.00,33,1
swsh7,215,1,2805.00,103,3
swsh12.5gg,GG35,1,62.50,48,1
swsh12.5gg,GG45,1,53.00,78,1
base3,13,1,20.09,61,2
cel25,25,1,59.36,60,1
swshp,SWSH262,1,117.47,219,2
sv08,239,1,124.47,83,1
swsh9,TG23,1,92.00,78,3
sv08.5,149,1,226.25,56,2
swsh9,154,1,300.00,42,2
sv10.5b,105,1,193.89,60,2
swsh7,218,1,1048.12,101,1
sv10,233,1,139.25,38,1
sv08.5,153,1,165.75,38,2
sv06.5,78,1,163.80,38,1
sv03.5,201,1,74.72,79,2
sv10.5w,166,1,143.75,60,2
swsh4,188,1,142.50,52,2
sv03.5,166,1,102.50,86,2
sv08.5,167,1,132.89,54,1
swsh11,186,1,555.00,52,2
swsh8,270,1,289.98,52,2
sv10.5b,171,1,524.25,47,1
swsh8,245,1,71.00,25,2
swsh7,194,1,300.00,31,1
me01,187,1,188.75,56,1
swsh10,TG13,1,101.50,65,2
xy12,102,1,58.50,5,1
swshp,SWSH260,1,41.75,157,1
sv02,222,1,64.25,27,3
swsh11,TG17,1,107.50,56,1
swsh7,192,1,456.14,36,2
sv03.5,175,1,78.75,56,2
me02.5,290,1,788.75,38,2
smp,SM169,1,268.75,33,1
sv10.5w,172,1,530.00,26,2
swsh12.5gg,GG67,1,140.00,69,1
swsh12.5gg,GG68,1,95.00,137,2
base5,21,1,105.89,97,2
swsh7,189,1,400.00,28,2
me02.5,281,1,293.00,29,3
hgss3,86,1,1425.00,46,2
me03,121,1,144.02,27,2
smp,SM193,1,74.00,22,2
xy2,69,1,170.00,15,2
sv06.5,66,1,33.17,35,2
swsh8,251,1,122.50,36,2
swsh9,TG22,1,88.00,45,2
swshp,SWSH075,1,199.67,101,3
sv10.5w,167,1,61.90,35,1
swsh7,212,1,392.50,18,3
g1,12,1,149.22,39,2
swsh7,184,1,161.50,26,2
xy7,98,1,900.00,30,2
swsh11,180,1,224.99,31,1
sv04.5,131,1,427.50,18,2
xy4,114,1,642.86,42,2
sv03.5,181,1,39.00,43,3
basep,27,1,160.62,56,2
sv02,211,1,108.15,32,2
swsh7,180,1,242.50,26,3
me02.5,277,1,350.00,43,3
swsh9,166,1,49.99,28,1
base2,15,1,75.00,29,1
sv05,206,1,52.48,29,1
swsh7,209,1,270.50,48,3
base5,10,1,90.00,43,1
sv08.5,166,1,72.47,35,1
me02.5,294,1,348.50,42,2
swsh9,TG16,1,68.22,39,2
ex14,4,1,485.20,43,2
sm9,33,1,90.00,47,1
sv04,253,1,65.75,23,2
xy9,123,1,250.00,14,1
basep,28,1,137.65,49,2
smp,SM167,1,507.50,30,1
swsh10.5,72,1,185.50,27,1
base5,12,1,70.66,47,3
sv05,166,1,80.75,16,2
sv04,206,1,27.75,30,2
sv02,259,1,48.75,22,2
swsh6,224,1,116.00,30,2
neo4,113,1,1705.00,19,1
neo4,107,1,1749.34,33,2
basep,11,1,48.34,46,2
smp,SM82,1,100.50,22,2
ex10,113,1,996.25,8,1
base3,19,1,40.72,33,2
ex10,114,1,9499.98,6,1
ex3,97,1,612.50,19,2
g1,RC6,1,73.00,24,2
smp,SM230,1,420.00,18,2
swsh10,TG23,1,79.50,32,1
swsh7,217,1,115.00,32,3
ex1,101,1,239.00,18,1
sv05,204,1,35.42,68,3
hgss3,81,1,975.00,39,2
xyp,XY143,1,140.00,22,1
swsh7,214,1,67.00,24,2
neo4,109,1,1300.00,25,1
neo2,12,1,81.00,29,2
swsh8,268,1,70.70,24,2
swsh10,167,1,117.50,31,1
neo4,106,1,765.50,24,1
neo3,14,1,605.00,29,2
smp,SM229,1,89.25,15,1
sv06.5,68,1,43.49,19,2
sv02,204,1,35.00,17,3
sv05,211,1,79.00,25,1
swshp,SWSH020,1,139.91,19,1
xyp,XY166,1,231.25,24,1
hgss4,97,1,1564.51,21,2
me02.5,295,1,275.00,13,1
sv08.5,164,1,65.00,19,1
xy10,125,1,362.50,10,1
xy9,115,1,80.75,10,1
base5,13,1,118.88,28,1
sv04.5,202,1,56.50,18,2
g1,RC21,1,79.00,24,2
ex12,5,1,140.00,13,1
sm12,241,1,962.81,42,1
sv01,210,1,88.75,52,2
swsh9,TG14,1,69.38,21,1
xy7,21,1,50.00,11,1
swshp,SWSH074,1,477.50,34,2
ex6,108,1,2055.00,24,2
basep,15,1,71.62,19,2
neo4,108,1,573.12,15,1
base2,27,1,75.50,11,2
xy7,96,1,242.50,18,2
xy7,97,1,229.99,13,1
xyp,XY123,1,136.55,27,2
sv02,201,1,59.99,12,1
neo4,111,1,425.00,13,1
neo4,110,1,265.00,7,1
sv10.5w,105,1,76.50,21,3
g1,RC28,1,265.00,52,2
sm11,71,1,146.00,25,2
xy7,94,1,179.99,14,1
sma,SV49,1,1075.00,53,2
neo4,112,1,398.47,10,1
xy8,159,1,100.00,6,1
swshp,SWSH145,1,87.50,44,3
sv10.5b,129,1,49.86,22,1
ex6,105,1,600.00,19,2
xy8,160,1,100.78,10,1
xy11,112,1,46.10,16,2
sm9,53,1,288.50,42,2
ex3,90,1,226.88,10,1
swshp,SWSH180,1,79.94,24,2
ex16,100,1,1054.90,12,1
basep,49,1,1084.75,19,1
me02.5,280,1,187.97,15,2
xy9,122,1,76.34,6,2
ex14,2,1,123.85,13,2
base5,22,1,153.75,24,2
sv02,196,1,46.14,18,2
sv10.5b,147,1,217.75,10,1
ex14,100,1,1225.00,15,1
ex16,101,1,2400.00,14,1
sma,SV69,1,356.50,31,2
xy4,35,1,101.12,13,1
me03,124,1,123.25,19,1
sv08.5,59,1,117.50,29,2
ex3,93,1,318.75,12,1
sm11,125,1,276.94,15,2
gym2,4,1,129.25,23,2
basep,20,1,101.28,15,2
sm12,157,1,73.57,25,2
xy6,61,1,99.72,10,1
xy2,108,1,146.50,6,1
gym2,13,1,96.25,23,2
xy8,164,1,94.32,6,1
xy11,116,1,136.56,18,2
sm9,113,1,65.88,14,3
swshp,SWSH182,1,140.50,44,2
ex8,108,1,344.94,20,1
sv02,262,1,40.00,21,1
ex13,8,1,267.50,53,1
ex13,100,1,227.50,10,2
gym1,4,1,58.34,34,2
base1,46,1,32.00,58,1
xy10,118,1,31.00,7,1
xy2,100,1,223.50,5,1
base1,1,1,59.99,62,2
ecard2,150,1,2082.50,7,1
neo2,32,1,87.12,17,1
ecard3,148,1,325.00,5,1
ex2,99,1,102.50,10,2
ecard3,149,1,890.00,11,1
base2,20,1,12.47,6,1
sma,SV56,1,56.00,12,2
neo4,6,1,540.00,10,2
ex11,12,1,94.25,14,2
sv10.5w,143,1,44.99,15,1
hgss4,91,1,76.50,5,1
ex3,98,1,187.00,8,1
swshp,SWSH184,1,47.00,50,2
neo2,10,1,143.26,22,2
ex15,10,1,146.00,13,1
swsh3.5,79,1,150.00,35,1
svp,206,1,49.14,18,1
sm12,38,1,98.84,11,1
sm11,35,1,175.00,26,1
ex2,98,1,999.00,8,1
xyp,XY84,1,129.09,18,2
hgss4,95,1,50.00,10,2
ex2,94,1,165.92,7,1
swshp,SWSH179,1,105.99,30,2
ex11,17,1,875.00,14,1
base5,9,1,120.00,14,2
neo2,14,1,34.00,12,2
sma,SV51,1,34.00,21,2
sma,SV41,1,44.00,17,2
ex6,112,1,400.00,6,1
swshp,SWSH066,1,86.00,22,2
ex2,96,1,465.00,8,1
xy4,121,1,300.00,16,2
gym2,6,1,36.95,13,1
sm3.5,76,1,76.44,18,1
neo2,15,1,21.41,6,1
sm10,107,1,35.00,13,1
ex15,2,1,203.50,10,1
hgss4,101,1,250.00,7,1
me02.5,274,1,125.00,7,2
gym2,3,1,110.00,12,3
lc,4,1,171.75,14,2
me02.5,289,1,95.00,10,1
ex10,102,1,30.00,7,1
sm10,205,1,1000.00,8,1
ex15,12,1,77.50,18,2
sm11,72,1,125.00,15,1
sv10.5w,103,1,57.50,8,1
sm3,150,1,400.00,11,2
ex11,3,1,112.50,9,1
sm9,161,1,2507.50,16,1
ex12,91,1,935.00,5,1
swshp,SWSH177,1,1445.00,7,1
ex5,102,1,305.00,10,1
base1,24,1,17.27,25,2
xy7,85,1,81.00,15,1
ex12,92,1,1039.50,10,1
ecard3,150,1,212.50,5,1
ex16,96,1,119.00,5,1
base3,8,1,100.00,15,2
gym2,11,1,185.00,14,2
ex11,13,1,501.25,16,1
bw1,115,1,165.31,7,1
gym2,10,1,63.67,10,2
xy7,93,1,53.00,5,1
swsh10.5,81,1,33.25,8,1
basep,41,1,1724.99,19,1
gym2,7,1,59.50,15,2
sm12,143,1,15.00,14,1
sm12,239,1,66.00,20,1
smp,SM156,1,89.00,6,1
hgss4,99,1,189.12,5,1
ex16,95,1,101.14,5,2
base5,7,1,52.61,13,2
pl3,148,1,509.99,9,2
ex3,92,1,261.00,10,1
bw8,137,1,224.78,5,1
sm12,215,1,243.50,15,2
ex5,4,1,42.08,12,1
swshp,SWSH241,1,108.12,19,2
xy7,92,1,168.62,6,1
sma,SV46,1,65.00,9,1
neo3,3,1,64.88,15,2
ex14,93,1,140.50,13,1
lc,3,1,166.25,9,2
hgss4,100,1,2193.00,5,1
sv10.5b,137,1,59.99,15,1
ex15,97,1,217.50,9,1
ex1,100,1,68.42,13,1
pl3,149,1,1701.00,12,1
xy9,27,1,57.62,5,1
gym1,3,1,38.25,16,2
ex11,111,1,835.00,6,1
sm9,165,1,1550.00,14,2
gym2,29,1,173.61,15,2
ex11,16,1,145.00,10,1
sm9,120,1,112.50,7,1
neo1,10,1,113.93,8,1
xyp,XY126,1,212.00,11,2
ex13,6,1,392.91,8,1
ru1,7,1,682.50,5,2
basep,12,1,128.00,10,2
ex3,95,1,21.39,5,1
pl3,8,1,142.75,5,1
hgss3,85,1,169.30,5,1
neo4,11,1,175.00,10,1
hgss1,113,1,200.00,10,1
ex11,9,1,136.75,5,1
sm11,218,1,246.50,7,1
ex16,97,1,130.05,5,1
ex13,111,1,506.51,7,1
me03,123,1,38.24,11,1
si1,15,1,75.59,7,1
sm12,221,1,409.46,10,2
neo3,20,1,381.25,10,1
sm9,170,1,2700.00,16,2
ex15,96,1,705.75,7,1
ex16,98,1,37.99,6,1
sm9,1,1,51.59,9,1
ex10,104,1,335.25,6,1
bw7,20,1,49.50,13,1
xy7,91,1,152.50,6,1
ex14,90,1,206.25,5,1
sm11,226,1,385.50,23,3
ex7,100,1,350.00,7,1
ex11,8,1,129.00,5,1
basep,47,1,47.68,15,2
base1,58,1,155.00,63,2
ex6,115,1,200.00,5,1
pl1,122,1,68.00,6,1
ex15,98,1,281.25,14,2
ex5,96,1,220.00,7,1
ex11,18,1,165.00,11,1
sm12,245,1,66.06,10,2
ex13,3,1,150.37,9,1
sm11,242,1,150.00,6,1
basep,5,1,64.38,48,2
neo2,20,1,45.00,10,1
ex7,102,1,535.00,6,1
ex16,93,1,80.97,7,1
neo4,5,1,71.25,5,2
xy3,55,1,124.38,6,1
ex13,5,1,89.25,5,1
ecard2,104,1,134.00,8,2
neo4,9,1,130.00,9,1
sm12,259,1,218.75,5,1
ex13,24,1,69.40,5,1
sm1,154,1,145.53,14,1
basep,45,1,69.30,8,2
ex3,10,1,300.00,7,1
ecard3,147,1,345.00,6,1
sm11,215,1,140.00,7,1
basep,51,1,63.01,8,1
ex9,2,1,139.28,5,1
sm11,221,1,309.98,9,1
basep,52,1,112.50,6,1
neo4,10,1,20.50,6,1
pl3,20,1,45.00,7,1
smp,SM109,1,285.00,15,1
smp,SM231,1,228.75,6,1
ex7,7,1,26.99,6,1
sm12,253,1,77.35,5,1
ecard3,H10,1,3800.00,7,1
ex2,6,1,145.00,5,1
neo2,31,1,83.75,10,1
sm9,186,1,524.50,7,1
basep,43,1,49.99,11,1
base1,23,1,104.95,7,1
ex4,95,1,200.00,6,1
xyp,XY40,1,276.25,9,1
sm11,235,1,324.50,5,1
me02.5,275,1,70.00,8,1
sm12,234,1,2.00,5,1
sm8,207,1,200.42,6,1
sm12,222,1,475.84,7,2
sm12,216,1,330.12,6,1
sm10,217,1,195.00,8,1
smp,SM36,1,200.08,13,2
svp,51,1,25.00,20,1
sm10,201,1,814.38,8,1
ecard2,H32,1,1366.00,7,1
smp,SM98,1,79.00,7,2
smp,SM111,1,45.00,8,1
bw1,113,1,71.00,8,1
smp,SM110,1,38.00,13,1
ex7,6,1,50.15,7,1
smp,SM113,1,503.78,9,1
sm12,228,1,183.60,7,1
sm2,158,1,109.01,6,2
sm12,251,1,135.38,7,1
gym2,20,1,107.50,5,2
sm9,191,1,330.00,5,1
sm9,184,1,35.90,5,1
neo3,27,1,93.49,5,1
ex7,15,1,123.25,5,1
sm7,164,1,127.50,6,1
basep,53,1,43.00,8,2
ecard3,H26,1,710.33,5,1
ex3,4,1,41.25,5,1
bw3,102,1,67.51,5,1
neo2,2,1,92.88,5,1
base1,20,1,1.00,8,2
si1,5,1,40.80,5,2
sm10,200,1,129.62,5,1
sm12,226,1,178.50,8,1
sm9,162,1,188.88,10,2
sm6,133,1,62.90,7,1
sm12,211,1,249.99,7,1
ex6,14,1,88.00,5,1
neo4,48,1,74.00,5,1
swshp,SWSH069,1,309.92,7,1
sm11,222,1,89.99,11,2
sm5,159,1,82.50,5,1
smp,SM158,1,123.75,12,1
sm11,247,1,84.15,7,1
sm10,204,1,70.00,5,1
sm9,164,1,394.61,19,3
sm10,221,1,48.00,5,1
me05,116,1,329.64,14,3
sm11,229,1,119.00,6,1
me02,125,2,757.50,789,3
cel25,4,2,195.50,768,3
sv04.5,232,2,871.50,864,3
sv10,231,2,422.50,407,3
sv03,223,2,143.75,678,3
svp,44,2,100.25,622,3
svp,53,2,105.00,716,3
smp,SM210,2,168.00,434,3
sv10,193,2,79.99,766,3
me01,179,2,173.75,391,3
cel25,17,2,110.00,546,3
sv08.5,161,2,1462.49,578,3
sv07,148,2,123.05,583,3
me02.5,226,2,80.38,349,3
svp,85,2,982.50,484,3
sv02,203,2,507.50,601,3
svp,159,2,27.99,491,3
sv04.5,234,2,273.94,452,3
swsh12.5gg,GG10,2,81.00,404,3
me02.5,284,2,882.50,360,3
sv08,238,2,254.50,427,3
sm3.5,78,2,1575.50,384,3
sv06,188,2,97.50,443,3
me01,181,2,80.00,232,2
sv04,199,2,118.70,459,3
svp,131,2,93.00,397,3
sv10,232,2,199.25,264,2
base2,11,2,2021.89,137,2
sv03.5,199,2,395.00,447,3
basep,10,2,223.00,37,1
sv10.5b,172,2,507.00,348,3
sv10.5w,173,2,460.00,321,3
me01,178,2,172.50,246,2
sv05,177,2,110.00,460,3
sv08,247,2,95.00,360,3
sv10,230,2,151.38,267,2
sv06,214,2,298.00,343,3
sv10,229,2,94.00,249,2
sv08.5,179,2,79.50,362,3
sv03.5,200,2,157.25,408,3
smp,SM191,2,483.39,268,2
me02.5,276,2,860.00,274,2
sv06,187,2,56.95,381,3
xy4,34,2,174.74,211,2
swsh11,TG06,2,95.00,435,3
sv09,184,2,103.63,380,3
base3,12,2,649.50,200,2
me02,130,2,317.50,475,3
swsh12,186,2,522.50,273,2
xy12,101,2,146.97,281,2
sv05,193,2,81.38,331,3
basep,24,2,69.00,237,2
swsh12.5gg,GG69,2,295.00,284,2
me01,188,2,235.90,365,3
smp,SM168,2,377.59,276,2
swsh8,271,2,903.00,278,2
swsh12.5gg,GG38,2,58.00,288,2
sv08.5,156,2,492.00,359,3
ex3,100,2,2025.00,164,2
sv03.5,198,2,116.21,329,3
sv04.5,233,2,159.97,340,3
base3,15,2,429.05,197,2
smp,SM162,2,228.75,284,2
sv03.5,173,2,101.25,320,3
svp,132,2,97.75,342,3
sv03.5,202,2,106.50,317,3
sv08.5,155,2,284.88,348,3
sv08.5,144,2,306.22,296,2
sv03.5,169,2,84.00,322,3
swsh12.5gg,GG50,2,107.50,195,2
swsh12,TG20,2,211.51,135,2
sv08.5,162,2,145.50,276,2
sv08.5,150,2,240.00,295,2
sm3.5,40,2,246.25,277,2
me01,182,2,52.98,138,2
sv08,237,2,99.25,263,2
swsh9,174,2,83.00,216,2
sm3.5,56,2,220.00,269,2
base5,83,2,860.43,128,2
base2,10,2,604.95,137,2
sv08.5,146,2,184.50,290,2
swsh7,215,2,2254.50,160,2
swsh12.5gg,GG35,2,81.94,197,2
swsh12.5gg,GG45,2,67.50,131,2
base3,13,2,67.98,210,2
cel25,25,2,65.50,219,2
swshp,SWSH262,2,129.21,365,3
sv08,239,2,147.12,242,2
swsh9,TG23,2,93.25,116,2
sv08.5,149,2,238.00,285,2
swsh9,154,2,299.00,210,2
sv10.5b,105,2,250.75,329,3
swsh7,218,2,1283.50,165,2
sv10,233,2,97.50,150,2
sv08.5,153,2,147.75,230,2
sv06.5,78,2,63.30,270,2
sv03.5,201,2,80.00,268,2
sv10.5w,166,2,198.75,238,2
swsh4,188,2,150.08,152,2
sv03.5,166,2,84.50,280,2
sv08.5,167,2,143.01,245,2
swsh11,186,2,900.00,206,2
swsh8,270,2,287.50,205,2
sv10.5b,171,2,525.75,195,2
swsh8,245,2,74.00,232,2
swsh7,194,2,497.48,194,2
me01,187,2,193.75,261,2
swsh10,TG13,2,112.50,181,2
xy12,102,2,64.50,205,2
swshp,SWSH260,2,74.00,299,2
sv02,222,2,90.00,251,2
swsh11,TG17,2,119.99,146,2
swsh7,192,2,477.50,189,2
sv03.5,175,2,65.75,228,2
me02.5,290,2,627.50,148,2
smp,SM169,2,272.00,195,2
sv10.5w,172,2,542.50,195,2
swsh12.5gg,GG67,2,58.50,185,2
swsh12.5gg,GG68,2,112.00,157,2
base5,21,2,286.57,76,2
swsh7,189,2,331.88,171,2
me02.5,281,2,325.00,121,2
hgss3,86,2,3825.78,94,2
me03,121,2,127.50,139,2
smp,SM193,2,147.50,130,2
xy2,69,2,337.50,99,2
sv06.5,66,2,56.14,191,2
swsh8,251,2,112.16,161,2
swsh9,TG22,2,75.75,153,2
swshp,SWSH075,2,217.19,226,2
sv10.5w,167,2,55.20,137,2
swsh7,212,2,398.92,75,2
g1,12,2,247.30,96,2
swsh7,184,2,163.25,137,2
xy7,98,2,2532.50,106,2
swsh11,180,2,185.00,156,2
sv04.5,131,2,103.25,194,2
xy4,114,2,3100.00,52,2
sv03.5,181,2,48.94,202,2
basep,27,2,73.24,114,2
sv02,211,2,107.00,195,2
swsh7,180,2,221.41,137,2
me02.5,277,2,328.00,147,2
swsh9,166,2,68.97,127,2
base2,15,2,322.00,89,2
sv05,206,2,50.15,143,2
swsh7,209,2,297.00,71,2
base5,10,2,350.00,122,2
sv08.5,166,2,53.50,161,2
me02.5,294,2,362.50,183,2
swsh9,TG16,2,95.00,138,2
ex14,4,2,1825.00,56,2
sm9,33,2,106.97,145,2
sv04,253,2,63.64,182,2
xy9,123,2,435.00,140,2
basep,28,2,174.97,176,2
smp,SM167,2,116.38,152,2
swsh10.5,72,2,73.62,119,2
base5,12,2,317.57,95,2
sv05,166,2,53.50,146,2
sv04,206,2,61.97,135,2
sv02,259,2,60.00,105,2
swsh6,224,2,143.90,73,2
neo4,113,2,2125.00,83,2
neo4,107,2,5450.00,54,2
basep,11,2,158.75,80,2
smp,SM82,2,238.57,139,2
ex10,113,2,2650.00,141,2
base3,19,2,132.50,81,2
ex10,114,2,2601.00,142,2
ex3,97,2,3174.50,66,2
g1,RC6,2,207.75,80,2
smp,SM230,2,126.12,116,2
swsh10,TG23,2,75.50,102,2
swsh7,217,2,120.00,45,1
ex1,101,2,3249.50,37,1
sv05,204,2,31.00,110,2
hgss3,81,2,2069.00,76,2
xyp,XY143,2,228.50,110,2
swsh7,214,2,91.50,51,2
neo4,109,2,6518.05,55,2
neo2,12,2,960.50,76,2
swsh8,268,2,88.28,69,2
swsh10,167,2,103.75,91,2
neo4,106,2,1218.78,71,2
neo3,14,2,1850.50,34,1
smp,SM229,2,129.75,87,2
sv06.5,68,2,50.00,111,2
sv02,204,2,87.47,136,2
sv05,211,2,77.50,129,2
swshp,SWSH020,2,110.00,105,2
xyp,XY166,2,857.50,36,1
hgss4,97,2,1994.00,76,2
me02.5,295,2,230.25,172,2
sv08.5,164,2,39.40,112,2
xy10,125,2,545.50,75,2
xy9,115,2,239.50,85,2
base5,13,2,196.25,85,2
sv04.5,202,2,65.00,125,2
g1,RC21,2,254.15,60,2
ex12,5,2,789.00,54,2
sm12,241,2,294.95,132,2
sv01,210,2,77.17,157,2
swsh9,TG14,2,77.50,90,2
xy7,21,2,269.00,75,2
swshp,SWSH074,2,513.39,152,2
ex6,108,2,7250.00,33,1
basep,15,2,201.22,92,2
neo4,108,2,1074.50,63,2
base2,27,2,275.80,50,2
xy7,96,2,729.38,73,2
xy7,97,2,945.41,63,2
xyp,XY123,2,932.00,28,1
sv02,201,2,69.38,96,2
neo4,111,2,1225.00,48,1
neo4,110,2,792.85,54,2
sv10.5w,105,2,89.50,124,2
g1,RC28,2,597.00,65,2
sm11,71,2,209.50,80,2
xy7,94,2,730.77,60,2
sma,SV49,2,302.26,108,2
neo4,112,2,805.96,53,2
xy8,159,2,202.50,65,2
swshp,SWSH145,2,104.78,109,2
sv10.5b,129,2,95.00,120,2
ex6,105,2,4787.51,45,1
xy8,160,2,317.50,61,2
xy11,112,2,84.41,76,2
sm9,53,2,420.11,99,2
ex3,90,2,2525.00,43,1
swshp,SWSH180,2,80.00,127,2
ex16,100,2,3782.30,34,1
basep,49,2,987.50,64,2
me02.5,280,2,160.00,50,2
xy9,122,2,98.75,82,2
ex14,2,2,674.50,36,1
base5,22,2,134.25,74,2
sv02,196,2,42.00,77,2
sv10.5b,147,2,60.00,71,2
ex14,100,2,4712.26,30,1
ex16,101,2,5375.00,44,1
sma,SV69,2,242.75,91,2
xy4,35,2,470.50,27,1
me03,124,2,141.75,94,2
sv08.5,59,2,68.16,94,2
ex3,93,2,1492.49,42,1
sm11,125,2,130.25,61,2
gym2,4,2,705.00,42,1
basep,20,2,182.50,71,2
sm12,157,2,64.00,80,2
xy6,61,2,382.48,47,1
xy2,108,2,1562.50,53,2
gym2,13,2,812.50,54,2
xy8,164,2,560.00,62,2
xy11,116,2,210.00,84,2
sm9,113,2,120.00,53,2
swshp,SWSH182,2,106.75,106,2
ex8,108,2,1010.00,50,2
sv02,262,2,48.38,70,2
ex13,8,2,849.50,39,1
ex13,100,2,6705.00,34,1
gym1,4,2,250.00,51,2
base1,46,2,70.00,65,2
xy10,118,2,169.99,46,1
xy2,100,2,999.50,37,1
base1,1,2,323.75,16,1
ecard2,150,2,3601.01,38,1
neo2,32,2,275.50,44,1
ecard3,148,2,545.06,44,1
ex2,99,2,837.00,35,1
ecard3,149,2,1337.50,42,1
base2,20,2,104.50,49,1
sma,SV56,2,92.85,50,2
neo4,6,2,1789.75,37,1
ex11,12,2,1195.64,35,1
sv10.5w,143,2,52.50,92,2
hgss4,91,2,1065.00,38,1
ex3,98,2,446.25,55,2
swshp,SWSH184,2,110.00,83,2
neo2,10,2,255.00,35,1
ex15,10,2,470.50,46,1
swsh3.5,79,2,257.50,42,1
svp,206,2,69.00,70,2
sm12,38,2,115.00,66,2
sm11,35,2,174.50,57,2
ex2,98,2,932.99,39,1
xyp,XY84,2,760.00,37,1
hgss4,95,2,549.50,54,2
ex2,94,2,520.00,34,1
swshp,SWSH179,2,115.78,84,2
ex11,17,2,1150.00,35,1
base5,9,2,222.68,53,2
neo2,14,2,160.10,36,1
sma,SV51,2,46.79,41,1
sma,SV41,2,48.88,42,1
ex6,112,2,1326.00,38,1
swshp,SWSH066,2,74.38,54,2
ex2,96,2,774.98,51,2
xy4,121,2,1586.25,29,1
gym2,6,2,324.05,47,1
sm3.5,76,2,94.25,49,1
neo2,15,2,297.25,59,2
sm10,107,2,73.25,47,1
ex15,2,2,427.00,28,1
hgss4,101,2,322.00,44,1
me02.5,274,2,127.50,32,1
gym2,3,2,289.00,45,1
lc,4,2,337.50,28,1
me02.5,289,2,76.50,34,1
ex10,102,2,3950.50,18,1
sm10,205,2,1189.15,51,2
ex15,12,2,282.50,27,1
sm11,72,2,72.50,56,2
sv10.5w,103,2,60.75,43,1
sm3,150,2,977.50,45,1
ex11,3,2,1349.50,25,1
sm9,161,2,1485.00,31,1
ex12,91,2,3300.00,19,1
swshp,SWSH177,2,690.00,65,2
ex5,102,2,293.00,51,2
base1,24,2,306.74,29,1
xy7,85,2,198.75,38,1
ex12,92,2,3178.50,26,1
ecard3,150,2,2003.00,35,1
ex16,96,2,613.12,28,1
base3,8,2,229.09,28,1
gym2,11,2,371.75,35,1
ex11,13,2,1749.99,37,1
bw1,115,2,525.00,40,1
gym2,10,2,337.94,40,1
xy7,93,2,409.99,35,1
swsh10.5,81,2,55.00,26,1
basep,41,2,2723.30,26,1
gym2,7,2,400.00,32,1
sm12,143,2,58.65,57,2
sm12,239,2,81.25,53,2
smp,SM156,2,105.54,37,1
hgss4,99,2,655.00,23,1
ex16,95,2,440.00,26,1
base5,7,2,175.25,39,1
pl3,148,2,1567.99,13,1
ex3,92,2,378.03,36,1
bw8,137,2,1228.33,24,1
sm12,215,2,531.44,61,2
ex5,4,2,442.07,28,1
swshp,SWSH241,2,96.00,54,2
xy7,92,2,194.65,32,1
sma,SV46,2,57.50,34,1
neo3,3,2,512.50,27,1
ex14,93,2,1267.50,25,1
lc,3,2,1187.50,13,1
hgss4,100,2,587.50,32,1
sv10.5b,137,2,71.08,50,2
ex15,97,2,2882.88,25,1
ex1,100,2,400.50,31,1
pl3,149,2,1376.88,19,1
xy9,27,2,112.62,27,1
gym1,3,2,269.50,34,1
ex11,111,2,5300.00,16,1
sm9,165,2,2688.10,30,1
gym2,29,2,488.50,26,1
ex11,16,2,463.48,31,1
sm9,120,2,124.46,38,1
neo1,10,2,223.67,12,1
xyp,XY126,2,1367.50,15,1
ex13,6,2,577.49,27,1
ru1,7,2,8999.50,19,1
basep,12,2,362.50,10,1
ex3,95,2,270.00,29,1
pl3,8,2,789.00,22,1
hgss3,85,2,710.00,22,1
neo4,11,2,1604.36,22,1
hgss1,113,2,848.12,9,1
ex11,9,2,740.49,29,1
sm11,218,2,450.00,34,1
ex16,97,2,162.50,33,1
ex13,111,2,204.50,32,1
me03,123,2,59.00,22,1
si1,15,2,195.59,32,1
sm12,221,2,760.75,36,1
neo3,20,2,483.75,38,1
sm9,170,2,5324.99,27,1
ex15,96,2,1062.50,17,1
ex16,98,2,255.00,29,1
sm9,1,2,53.50,33,1
ex10,104,2,1650.00,26,1
bw7,20,2,661.89,24,1
xy7,91,2,240.00,40,1
ex14,90,2,824.99,20,1
sm11,226,2,395.25,41,1
ex7,100,2,1767.91,27,1
ex11,8,2,498.22,22,1
basep,47,2,325.00,16,1
base1,58,2,637.50,13,1
ex6,115,2,805.99,17,1
pl1,122,2,760.00,23,1
ex15,98,2,1050.00,15,1
ex5,96,2,815.00,24,1
ex11,18,2,444.95,26,1
sm12,245,2,76.50,39,1
ex13,3,2,290.50,27,1
sm11,242,2,442.50,27,1
basep,5,2,199.99,22,1
neo2,20,2,111.00,29,1
ex7,102,2,980.00,20,1
ex16,93,2,254.91,26,1
neo4,5,2,233.62,29,1
xy3,55,2,86.70,28,1
ex13,5,2,792.87,27,1
ecard2,104,2,750.00,34,1
neo4,9,2,825.76,16,1
sm12,259,2,232.94,21,1
ex13,24,2,211.82,28,1
sm1,154,2,135.25,32,1
basep,45,2,90.00,28,1
ex3,10,2,445.00,18,1
ecard3,147,2,3450.00,21,1
sm11,215,2,165.18,32,1
basep,51,2,130.00,13,1
ex9,2,2,734.69,22,1
sm11,221,2,454.50,28,1
basep,52,2,144.50,22,1
neo4,10,2,382.00,26,1
pl3,20,2,187.22,19,1
smp,SM109,2,291.13,20,1
smp,SM231,2,625.00,29,1
ex7,7,2,557.90,20,1
sm12,253,2,203.75,31,1
ecard3,H10,2,4450.00,12,1
ex2,6,2,349.00,25,1
neo2,31,2,89.99,17,1
sm9,186,2,602.50,20,1
basep,43,2,190.17,25,1
base1,23,2,78.25,21,1
ex4,95,2,717.50,10,1
xyp,XY40,2,250.00,3,1
sm11,235,2,407.00,19,1
me02.5,275,2,86.50,12,1
sm12,234,2,249.50,14,1
sm8,207,2,225.78,20,1
sm12,222,2,460.38,24,1
sm12,216,2,331.38,31,1
sm10,217,2,180.00,19,1
smp,SM36,2,404.00,15,1
svp,51,2,280.00,22,1
sm10,201,2,372.50,19,1
ecard2,H32,2,1624.97,8,1
smp,SM98,2,511.00,20,1
smp,SM111,2,177.08,16,1
bw1,113,2,283.11,16,1
smp,SM110,2,105.71,18,1
ex7,6,2,138.96,12,1
smp,SM113,2,119.38,16,1
sm12,228,2,199.00,14,1
sm2,158,2,214.37,21,1
sm12,251,2,125.40,22,1
gym2,20,2,216.76,12,1
sm9,191,2,346.00,16,1
sm9,184,2,250.00,11,1
neo3,27,2,100.00,13,1
ex7,15,2,233.74,8,1
sm7,164,2,248.39,10,1
basep,53,2,255.00,9,1
ecard3,H26,2,1682.00,9,1
ex3,4,2,170.00,17,1
bw3,102,2,269.99,14,1
neo2,2,2,73.45,6,1
base1,20,2,100.53,11,1
si1,5,2,134.75,15,1
sm10,200,2,76.60,8,1
sm12,226,2,241.66,10,1
sm9,162,2,187.00,7,1
sm6,133,2,140.00,9,1
sm12,211,2,132.00,13,1
ex6,14,2,243.75,10,1
neo4,48,2,180.00,7,1
swshp,SWSH069,2,273.12,5,1
sm11,222,2,249.99,7,1
sm5,159,2,70.72,7,1
smp,SM158,2,1207.48,11,1
sm11,247,2,137.00,8,1
sm10,204,2,87.50,5,1
sm9,164,2,475.00,9,1
sm10,221,2,87.49,5,1
me05,116,2,355.00,1,1
sm11,229,2,50.00,1,1
me02,125,3,2022.00,1810,3
cel25,4,3,549.99,1270,3
sv04.5,232,3,3100.00,874,3
sv10,231,3,1162.99,982,3
sv03,223,3,735.00,495,3
svp,44,3,622.50,337,3
svp,53,3,850.00,304,3
smp,SM210,3,432.50,828,3
sv10,193,3,405.00,378,3
me01,179,3,390.00,863,3
cel25,17,3,343.75,661,3
sv08.5,161,3,5450.00,570,3
sv07,148,3,402.50,547,3
me02.5,226,3,330.00,847,3
svp,85,3,2865.00,610,3
sv02,203,3,4025.00,308,2
svp,159,3,129.40,580,3
sv04.5,234,3,811.00,507,3
swsh12.5gg,GG10,3,564.00,523,3
me02.5,284,3,2100.00,650,3
sv08,238,3,925.00,505,3
sm3.5,78,3,9150.00,241,3
sv06,188,3,345.00,481,3
me01,181,3,220.00,748,3
sv04,199,3,655.00,459,3
svp,131,3,370.00,523,3
sv10,232,3,466.00,621,3
base2,11,3,15000.00,7,1
sv03.5,199,3,1487.50,323,3
basep,10,3,265.00,745,2
sv10.5b,172,3,1574.99,536,3
sv10.5w,173,3,1350.00,552,3
me01,178,3,379.99,610,3
sv05,177,3,620.00,383,3
sv08,247,3,353.00,438,3
sv10,230,3,399.99,547,3
sv06,214,3,770.00,460,2
sv10,229,3,307.50,562,3
sv08.5,179,3,399.50,381,3
sv03.5,200,3,562.50,337,2
smp,SM191,3,3224.50,494,3
me02.5,276,3,2250.00,538,3
sv06,187,3,324.98,397,3
xy4,34,3,685.00,415,3
swsh11,TG06,3,600.00,257,3
sv09,184,3,384.99,349,3
base3,12,3,3949.50,28,2
me02,130,3,2500.00,193,2
swsh12,186,3,1325.00,456,3
xy12,101,3,636.50,334,2
sv05,193,3,375.21,382,3
basep,24,3,224.99,458,3
swsh12.5gg,GG69,3,630.00,451,3
me01,188,3,725.00,308,2
smp,SM168,3,3271.68,357,3
swsh8,271,3,2392.00,382,3
swsh12.5gg,GG38,3,210.00,411,2
sv08.5,156,3,1549.99,320,3
ex3,100,3,18350.00,59,1
sv03.5,198,3,474.92,304,2
sv04.5,233,3,402.50,318,3
base3,15,3,3500.00,37,2
smp,SM162,3,1935.00,177,3
sv03.5,173,3,550.00,310,2
svp,132,3,450.00,312,3
sv03.5,202,3,420.00,285,2
sv08.5,155,3,1199.99,270,1
sv08.5,144,3,819.85,328,2
sv03.5,169,3,489.50,263,2
swsh12.5gg,GG50,3,290.00,437,3
swsh12,TG20,3,409.50,490,3
sv08.5,162,3,780.00,311,3
sv08.5,150,3,725.00,299,2
sm3.5,40,3,1487.49,262,3
me01,182,3,143.64,483,3
sv08,237,3,300.00,335,3
swsh9,174,3,224.50,370,3
sm3.5,56,3,1398.95,254,3
base5,83,3,9000.00,17,2
base2,10,3,6700.00,27,1
sv08.5,146,3,655.00,282,2
swsh7,215,3,4250.00,417,3
swsh12.5gg,GG35,3,212.73,389,2
swsh12.5gg,GG45,3,170.00,472,3
base3,13,3,405.00,67,2
cel25,25,3,206.98,372,3
swshp,SWSH262,3,1025.00,98,3
sv08,239,3,529.99,325,2
swsh9,TG23,3,259.00,472,3
sv08.5,149,3,1072.00,256,2
swsh9,154,3,845.00,339,3
sv10.5b,105,3,2050.00,176,2
swsh7,218,3,2821.62,384,3
sv10,233,3,279.99,386,3
sv08.5,153,3,657.00,280,2
sv06.5,78,3,325.00,270,3
sv03.5,201,3,350.00,228,2
sv10.5w,166,3,466.06,292,3
swsh4,188,3,328.00,370,3
sv03.5,166,3,349.99,220,3
sv08.5,167,3,589.50,266,3
swsh11,186,3,3600.00,262,3
swsh8,270,3,686.00,301,2
sv10.5b,171,3,1450.00,319,3
swsh8,245,3,348.50,243,3
swsh7,194,3,1380.00,292,2
me01,187,3,630.00,174,2
swsh10,TG13,3,302.00,288,2
xy12,102,3,198.50,232,2
swshp,SWSH260,3,638.81,121,2
sv02,222,3,662.94,170,2
swsh11,TG17,3,317.50,336,3
swsh7,192,3,1137.49,285,3
sv03.5,175,3,455.00,233,2
me02.5,290,3,1410.00,339,3
smp,SM169,3,2260.00,254,2
sv10.5w,172,3,1485.00,274,3
swsh12.5gg,GG67,3,500.00,278,3
swsh12.5gg,GG68,3,327.44,301,3
base5,21,3,3450.00,22,2
swsh7,189,3,1126.50,266,3
me02.5,281,3,715.00,334,3
hgss3,86,3,61600.00,11,1
me03,121,3,322.49,300,3
smp,SM193,3,880.00,289,3
xy2,69,3,2127.50,138,2
sv06.5,66,3,242.50,223,3
swsh8,251,3,420.00,221,3
swsh9,TG22,3,256.25,240,3
swshp,SWSH075,3,1825.00,91,2
sv10.5w,167,3,198.50,261,3
swsh7,212,3,640.00,325,3
g1,12,3,1699.99,38,1
swsh7,184,3,430.50,243,3
xy7,98,3,13550.00,85,2
swsh11,180,3,550.00,217,3
sv04.5,131,3,789.00,144,2
xy4,114,3,31000.00,11,1
sv03.5,181,3,336.69,166,3
basep,27,3,310.51,214,3
sv02,211,3,808.00,146,2
swsh7,180,3,500.00,220,3
me02.5,277,3,883.00,224,3
swsh9,166,3,205.00,239,3
base2,15,3,1469.69,12,1
sv05,206,3,177.50,235,3
swsh7,209,3,543.26,302,3
base5,10,3,3400.00,17,1
sv08.5,166,3,245.00,203,2
me02.5,294,3,2194.67,158,3
swsh9,TG16,3,352.50,229,3
ex14,4,3,21347.50,5,1
sm9,33,3,692.98,177,3
sv04,253,3,300.00,133,2
xy9,123,3,4510.06,62,2
basep,28,3,884.80,61,2
smp,SM167,3,975.00,156,2
swsh10.5,72,3,339.99,197,2
base5,12,3,3551.00,29,2
sv05,166,3,287.00,184,2
sv04,206,3,276.72,193,3
sv02,259,3,204.70,232,3
swsh6,224,3,325.00,261,3
neo4,113,3,10900.00,28,2
neo4,107,3,20450.00,11,2
basep,11,3,1389.50,48,3
smp,SM82,3,2599.99,64,2
ex10,113,3,15250.00,20,2
base3,19,3,1175.00,47,3
ex10,114,3,13800.00,42,2
ex3,97,3,20133.51,25,2
g1,RC6,3,1942.50,10,1
smp,SM230,3,1299.99,167,2
swsh10,TG23,3,210.00,184,3
swsh7,217,3,350.00,254,3
ex1,101,3,30749.50,8,1
sv05,204,3,158.00,188,2
hgss3,81,3,15748.00,8,1
xyp,XY143,3,2150.00,46,2
swsh7,214,3,239.99,241,3
neo4,109,3,15050.00,19,1
neo2,12,3,3995.00,21,1
swsh8,268,3,322.00,218,2
swsh10,167,3,341.30,181,2
neo4,106,3,4650.00,26,1
neo3,14,3,18100.00,5,1
smp,SM229,3,646.11,167,3
sv06.5,68,3,240.00,160,3
sv02,204,3,485.00,83,2
sv05,211,3,364.50,125,3
swshp,SWSH020,3,825.00,128,2
xyp,XY166,3,4316.00,11,1
hgss4,97,3,20020.00,24,1
me02.5,295,3,1350.00,52,2
sv08.5,164,3,208.25,142,3
xy10,125,3,5900.00,43,3
xy9,115,3,1476.17,72,2
base5,13,3,1837.62,8,1
sv04.5,202,3,399.00,122,2
g1,RC21,3,2130.00,14,1
ex12,5,3,9250.00,15,2
sm12,241,3,2185.00,61,2
sv01,210,3,905.00,71,3
swsh9,TG14,3,212.25,150,2
xy7,21,3,2955.33,20,2
swshp,SWSH074,3,3600.00,40,3
ex6,108,3,23025.00,8,1
basep,15,3,725.00,19,1
neo4,108,3,5000.00,27,2
base2,27,3,1989.38,28,3
xy7,96,3,5241.08,40,1
xy7,97,3,3750.35,75,3
xyp,XY123,3,6970.00,6,1
sv02,201,3,302.00,96,2
neo4,111,3,5201.99,17,1
neo4,110,3,2800.00,16,1
sv10.5w,105,3,903.50,76,2
g1,RC28,3,810.00,10,1
sm11,71,3,549.50,117,3
xy7,94,3,4882.05,54,2
sma,SV49,3,1480.00,102,2
neo4,112,3,2550.00,20,1
xy8,159,3,2137.50,49,1
swshp,SWSH145,3,778.50,52,2
sv10.5b,129,3,635.00,68,2
ex6,105,3,45655.00,7,1
xy8,160,3,2151.84,51,2
xy11,112,3,510.00,98,1
sm9,53,3,3000.00,78,2
ex3,90,3,20280.50,7,2
swshp,SWSH180,3,581.40,55,3
ex16,100,3,4652.98,10,1
basep,49,3,4700.00,23,1
me02.5,280,3,360.00,148,3
xy9,122,3,424.99,73,2
ex14,2,3,6064.36,9,2
base5,22,3,1130.53,20,2
sv02,196,3,394.99,81,2
sv10.5b,147,3,400.00,114,2
ex14,100,3,12475.00,8,1
ex16,101,3,37850.00,5,1
sma,SV69,3,720.00,94,3
xy4,35,3,1870.00,10,1
me03,124,3,599.99,82,3
sv08.5,59,3,512.69,71,2
ex3,93,3,5724.57,15,1
sm11,125,3,797.71,106,2
gym2,4,3,8211.00,5,2
basep,20,3,1000.00,88,3
sm12,157,3,750.00,77,3
xy6,61,3,4029.00,13,1
xy2,108,3,9100.00,6,1
gym2,13,3,4350.00,14,1
xy8,164,3,4343.25,18,2
xy11,116,3,1900.00,46,2
sm9,113,3,600.00,109,2
swshp,SWSH182,3,940.00,40,2
ex8,108,3,10549.50,10,1
sv02,262,3,199.53,97,2
ex13,8,3,4950.14,15,1
ex13,100,3,11150.00,5,1
gym1,4,3,2786.00,8,1
base1,46,3,399.50,25,2
xy10,118,3,910.00,49,2
xy2,100,3,8999.00,9,1
base1,1,3,3044.70,7,2
ecard2,150,3,15602.25,6,1
neo2,32,3,1692.00,19,1
ecard3,148,3,2183.00,28,1
ex2,99,3,3850.00,11,1
ecard3,149,3,5525.00,17,2
base2,20,3,273.93,33,2
sma,SV56,3,233.43,101,2
neo4,6,3,14999.99,7,1
ex11,12,3,8900.00,15,2
sv10.5w,143,3,488.00,44,2
hgss4,91,3,12499.99,29,1
ex3,98,3,2698.86,23,2
swshp,SWSH184,3,950.00,37,2
neo2,10,3,683.60,7,1
ex15,10,3,6817.98,13,2
swsh3.5,79,3,428.44,98,2
svp,206,3,301.25,66,3
sm12,38,3,680.00,57,3
sm11,35,3,708.30,61,2
ex2,98,3,7550.00,15,3
xyp,XY84,3,7350.00,18,2
hgss4,95,3,4000.00,35,2
ex2,94,3,4000.00,22,2
swshp,SWSH179,3,1325.00,26,1
ex11,17,3,7000.00,12,1
base5,9,3,1955.50,9,3
neo2,14,3,636.50,12,2
sma,SV51,3,151.25,94,3
sma,SV41,3,162.92,94,2
ex6,112,3,8200.00,13,2
swshp,SWSH066,3,277.79,74,2
ex2,96,3,6899.99,10,1
xy4,121,3,6970.00,5,1
gym2,6,3,1965.50,22,2
sm3.5,76,3,730.00,73,3
neo2,15,3,3050.00,11,1
sm10,107,3,261.38,77,2
ex15,2,3,4275.00,11,3
hgss4,101,3,3650.00,20,3
me02.5,274,3,299.94,92,3
gym2,3,3,2012.50,25,2
lc,4,3,1807.50,10,3
me02.5,289,3,260.00,86,3
ex10,102,3,30999.00,5,1
sm10,205,3,4825.00,60,2
ex15,12,3,1750.90,5,1
sm11,72,3,744.44,56,3
sv10.5w,103,3,322.50,75,2
sm3,150,3,7100.00,20,1
ex11,3,3,5974.50,20,1
sm9,161,3,4048.58,70,3
ex12,91,3,16000.00,6,1
swshp,SWSH177,3,3950.00,35,3
ex5,102,3,2137.50,26,2
base1,24,3,468.23,11,2
xy7,85,3,1500.00,36,3
ex12,92,3,21500.00,5,1
ecard3,150,3,8600.00,19,1
ex16,96,3,6025.00,10,2
base3,8,3,1388.97,6,3
gym2,11,3,850.00,16,2
ex11,13,3,8525.45,9,1
bw1,115,3,4112.48,23,2
gym2,10,3,2025.00,14,2
xy7,93,3,1927.00,38,2
swsh10.5,81,3,150.00,82,2
basep,41,3,7450.00,25,3
gym2,7,3,2124.57,12,2
sm12,143,3,395.30,47,2
sm12,239,3,552.50,31,2
smp,SM156,3,490.50,63,2
hgss4,99,3,5749.98,7,2
ex16,95,3,3775.00,12,1
base5,7,3,1432.50,5,1
pl3,148,3,12372.00,5,1
ex3,92,3,3999.99,12,2
bw8,137,3,12250.00,5,1
sm12,215,3,3025.00,34,2
ex5,4,3,2500.00,7,1
swshp,SWSH241,3,705.00,30,3
xy7,92,3,945.00,39,3
sma,SV46,3,275.00,67,3
neo3,3,3,3150.00,7,2
ex14,93,3,8900.00,5,1
lc,3,3,5085.00,9,3
hgss4,100,3,3799.50,8,2
sv10.5b,137,3,599.99,39,3
ex15,97,3,20133.51,9,2
ex1,100,3,2824.99,7,1
pl3,149,3,3325.00,5,1
xy9,27,3,1150.50,16,2
gym1,3,3,2313.00,10,3
ex11,111,3,4616.78,6,2
sm9,165,3,7900.00,53,2
gym2,29,3,3591.25,6,3
ex11,16,3,2626.00,14,2
sm9,120,3,690.00,45,3
neo1,10,3,2065.62,9,2
xyp,XY126,3,11300.00,5,1
ex13,6,3,3049.50,8,1
ru1,7,3,52000.00,5,1
basep,12,3,2673.01,13,2
ex3,95,3,1709.50,18,1
pl3,8,3,4654.40,11,2
hgss3,85,3,8050.00,7,1
neo4,11,3,15742.22,7,1
hgss1,113,3,8667.38,11,2
ex11,9,3,3600.00,16,1
sm11,218,3,2400.00,43,2
ex16,97,3,1200.50,8,1
ex13,111,3,1425.00,6,1
me03,123,3,201.50,67,3
si1,15,3,677.50,17,2
sm12,221,3,4050.00,37,2
neo3,20,3,1289.57,9,1
sm9,170,3,11782.90,32,3
ex15,96,3,8850.00,6,1
ex16,98,3,1537.50,9,1
sm9,1,3,384.50,40,3
ex10,104,3,6125.00,6,1
bw7,20,3,4149.64,5,1
xy7,91,3,1400.00,17,2
ex14,90,3,6075.00,6,1
sm11,226,3,2589.57,36,3
ex7,100,3,8999.99,10,2
ex11,8,3,4005.33,16,1
basep,47,3,2550.00,15,2
base1,58,3,1333.35,10,2
ex6,115,3,12500.00,11,1
pl1,122,3,6650.00,5,1
ex15,98,3,5400.00,5,1
ex5,96,3,5119.50,8,1
ex11,18,3,2163.00,17,2
sm12,245,3,1000.00,30,2
ex13,3,3,2213.00,11,2
sm11,242,3,1700.00,42,1
basep,5,3,1625.00,11,1
neo2,20,3,544.25,11,3
ex7,102,3,12000.00,8,2
ex16,93,3,2000.00,11,1
neo4,5,3,1299.97,5,1
xy3,55,3,870.00,17,2
ex13,5,3,10000.00,6,1
ecard2,104,3,9495.00,12,1
neo4,9,3,3056.26,11,2
sm12,259,3,640.00,36,3
ex13,24,3,1469.44,10,2
sm1,154,3,890.00,18,1
basep,45,3,275.62,26,3
ex3,10,3,2250.00,35,1
ecard3,147,3,7000.00,5,1
sm11,215,3,1000.00,31,2
basep,51,3,465.00,19,2
ex9,2,3,5700.00,10,1
sm11,221,3,2449.41,27,3
basep,52,3,1125.00,20,2
neo4,10,3,799.99,5,1
pl3,20,3,2250.00,14,2
smp,SM109,3,2517.50,6,1
smp,SM231,3,1237.50,16,2
ex7,7,3,1326.60,13,1
sm12,253,3,410.00,19,2
ecard3,H10,3,19995.00,27,2
ex2,6,3,1739.31,5,1
neo2,31,3,1010.00,6,2
sm9,186,3,2420.00,31,3
basep,43,3,503.50,13,2
base1,23,3,235.00,5,1
ex4,95,3,8187.50,6,2
xyp,XY40,3,1675.00,8,1
sm11,235,3,898.63,28,1
me02.5,275,3,225.00,39,3
sm12,234,3,718.35,33,3
sm8,207,3,1500.00,15,1
sm12,222,3,2574.99,13,1
sm12,216,3,2300.00,15,2
sm10,217,3,625.00,21,2
smp,SM36,3,4652.49,5,2
svp,51,3,1675.51,19,3
sm10,201,3,1637.85,26,2
ecard2,H32,3,9249.99,8,2
smp,SM98,3,3826.39,6,1
smp,SM111,3,3083.00,10,1
bw1,113,3,1995.08,14,1
smp,SM110,3,1075.00,5,1
ex7,6,3,1087.82,11,1
smp,SM113,3,1019.70,10,3
sm12,228,3,402.50,18,1
sm2,158,3,960.00,16,2
sm12,251,3,440.00,18,1
gym2,20,3,1284.99,9,3
sm9,191,3,1425.50,21,2
sm9,184,3,999.00,25,2
neo3,27,3,1000.00,11,1
ex7,15,3,1500.00,10,1
sm7,164,3,514.89,17,3
basep,53,3,520.50,7,1
ecard3,H26,3,5115.01,7,2
ex3,4,3,1505.13,6,1
bw3,102,3,2349.00,5,1
neo2,2,3,509.15,5,2
base1,20,3,465.00,5,1
si1,5,3,373.12,9,2
sm10,200,3,263.50,20,1
sm12,226,3,1200.00,12,1
sm9,162,3,975.00,17,2
sm6,133,3,515.00,13,2
sm12,211,3,432.50,11,1
ex6,14,3,1697.00,7,1
neo4,48,3,770.00,6,2
swshp,SWSH069,3,1012.50,14,1
sm11,222,3,689.99,12,1
sm5,159,3,297.00,11,1
smp,SM158,3,6685.25,8,1
sm11,247,3,520.00,12,1
sm10,204,3,353.50,13,3
sm9,164,3,1474.99,6,1
sm10,221,3,350.00,12,1
me05,116,3,1562.50,12,2
sm11,229,3,375.00,8,1